faculty,career
理学部,進学
理学部,進学
理学部,進学
理学部,進学
理学部,進学
理学部,進学
理学部,進学
理学部,進学
理学部,進学
理学部,進学
理学部,進学
理学部,進学
理学部,進学
理学部,進学
理学部,進学
理学部,進学
理学部,進学
理学部,進学
理学部,進学
理学部,進学
理学部,進学
理学部,進学
理学部,進学
理学部,進学
理学部,進学
理学部,進学
理学部,進学
理学部,進学
理学部,進学
理学部,進学
理学部,進学
理学部,進学
理学部,進学
理学部,進学
理学部,進学
理学部,進学
理学部,進学
理学部,進学
理学部,進学
理学部,進学
理学部,進学
理学部,進学
理学部,進学
理学部,進学
理学部,進学
理学部,進学
理学部,進学
理学部,進学
理学部,進学
理学部,進学
理学部,進学
理学部,進学
理学部,進学
理学部,進学
理学部,進学
理学部,進学
理学部,進学
理学部,進学
理学部,進学
理学部,進学
理学部,進学
理学部,進学
理学部,進学
理学部,進学
理学部,進学
理学部,進学
理学部,進学
理学部,進学
理学部,進学
理学部,進学
理学部,進学
理学部,進学
理学部,進学
理学部,進学
理学部,進学
理学部,進学
理学部,進学
理学部,進学
理学部,進学
理学部,進学
理学部,進学
理学部,進学
理学部,進学
理学部,進学
理学部,進学
理学部,進学
理学部,進学
理学部,進学
理学部,進学
理学部,進学
理学部,進学
理学部,進学
理学部,進学
理学部,進学
理学部,進学
理学部,進学
理学部,進学
理学部,進学
理学部,進学
理学部,進学
理学部,進学
理学部,進学
理学部,進学
理学部,進学
理学部,進学
理学部,進学
理学部,進学
理学部,進学
理学部,進学
理学部,進学
理学部,進学
理学部,進学
理学部,進学
理学部,進学
理学部,進学
理学部,進学
理学部,進学
理学部,進学
理学部,進学
理学部,進学
理学部,進学
理学部,進学
理学部,進学
理学部,就職
理学部,就職
理学部,就職
理学部,就職
理学部,就職
理学部,就職
理学部,就職
理学部,就職
理学部,就職
理学部,就職
理学部,就職
理学部,就職
理学部,就職
理学部,就職
理学部,就職
理学部,就職
理学部,就職
理学部,就職
理学部,就職
理学部,就職
理学部,就職
理学部,就職
理学部,就職
理学部,就職
理学部,就職
理学部,就職
理学部,就職
理学部,就職
理学部,就職
理学部,就職
理学部,就職
理学部,就職
理学部,就職
理学部,就職
理学部,就職
理学部,就職
理学部,就職
理学部,就職
理学部,就職
理学部,就職
理学部,就職
理学部,就職
理学部,就職
理学部,就職
理学部,就職
理学部,就職
理学部,就職
理学部,就職
理学部,就職
理学部,就職
理学部,就職
理学部,就職
理学部,就職
理学部,就職
理学部,就職
理学部,就職
理学部,就職
理学部,就職
理学部,就職
理学部,就職
理学部,就職
理学部,就職
理学部,就職
理学部,就職
理学部,就職
理学部,就職
理学部,就職
理学部,就職
理学部,就職
理学部,就職
理学部,就職
理学部,就職
理学部,就職
理学部,就職
理学部,就職
理学部,就職
理学部,就職
理学部,就職
理学部,就職
理学部,就職
理学部,不明
理学部,不明
理学部,不明
工学部,進学
工学部,進学
工学部,進学
工学部,進学
工学部,進学
工学部,進学
工学部,進学
工学部,進学
工学部,進学
工学部,進学
工学部,進学
工学部,進学
工学部,進学
工学部,進学
工学部,進学
工学部,進学
工学部,進学
工学部,進学
工学部,進学
工学部,進学
工学部,進学
工学部,進学
工学部,進学
工学部,進学
工学部,進学
工学部,進学
工学部,進学
工学部,進学
工学部,進学
工学部,進学
工学部,進学
工学部,進学
工学部,進学
工学部,進学
工学部,進学
工学部,進学
工学部,進学
工学部,進学
工学部,進学
工学部,進学
工学部,進学
工学部,進学
工学部,進学
工学部,進学
工学部,進学
工学部,進学
工学部,進学
工学部,進学
工学部,進学
工学部,進学
工学部,進学
工学部,進学
工学部,進学
工学部,進学
工学部,進学
工学部,進学
工学部,進学
工学部,進学
工学部,進学
工学部,進学
工学部,進学
工学部,進学
工学部,進学
工学部,進学
工学部,進学
工学部,進学
工学部,進学
工学部,進学
工学部,進学
工学部,進学
工学部,進学
工学部,進学
工学部,進学
工学部,進学
工学部,進学
工学部,進学
工学部,進学
工学部,進学
工学部,進学
工学部,進学
工学部,進学
工学部,進学
工学部,進学
工学部,進学
工学部,進学
工学部,進学
工学部,進学
工学部,進学
工学部,進学
工学部,進学
工学部,進学
工学部,進学
工学部,進学
工学部,進学
工学部,進学
工学部,進学
工学部,進学
工学部,進学
工学部,進学
工学部,進学
工学部,進学
工学部,進学
工学部,進学
工学部,進学
工学部,進学
工学部,進学
工学部,進学
工学部,進学
工学部,進学
工学部,進学
工学部,進学
工学部,進学
工学部,進学
工学部,進学
工学部,進学
工学部,進学
工学部,進学
工学部,進学
工学部,進学
工学部,進学
工学部,進学
工学部,進学
工学部,進学
工学部,進学
工学部,進学
工学部,進学
工学部,進学
工学部,進学
工学部,進学
工学部,進学
工学部,進学
工学部,進学
工学部,進学
工学部,進学
工学部,進学
工学部,進学
工学部,進学
工学部,進学
工学部,進学
工学部,進学
工学部,進学
工学部,進学
工学部,進学
工学部,進学
工学部,進学
工学部,進学
工学部,進学
工学部,進学
工学部,進学
工学部,進学
工学部,進学
工学部,進学
工学部,就職
工学部,就職
工学部,就職
工学部,就職
工学部,就職
工学部,就職
工学部,就職
工学部,就職
工学部,就職
工学部,就職
工学部,就職
工学部,就職
工学部,就職
工学部,就職
工学部,就職
工学部,就職
工学部,就職
工学部,就職
工学部,就職
工学部,就職
工学部,就職
工学部,就職
工学部,就職
工学部,就職
工学部,就職
工学部,就職
工学部,就職
工学部,就職
工学部,就職
工学部,就職
工学部,就職
工学部,就職
工学部,就職
工学部,就職
工学部,就職
工学部,就職
工学部,就職
工学部,就職
工学部,就職
工学部,就職
工学部,就職
工学部,就職
工学部,就職
工学部,就職
工学部,就職
工学部,就職
工学部,就職
工学部,就職
工学部,就職
工学部,就職
工学部,就職
工学部,就職
工学部,就職
工学部,就職
工学部,就職
工学部,就職
工学部,就職
工学部,就職
工学部,就職
工学部,就職
工学部,就職
工学部,就職
工学部,就職
工学部,就職
工学部,就職
工学部,就職
工学部,就職
工学部,就職
工学部,就職
工学部,就職
工学部,就職
工学部,就職
工学部,就職
工学部,就職
工学部,就職
工学部,就職
工学部,就職
工学部,就職
工学部,就職
工学部,就職
工学部,就職
工学部,就職
工学部,就職
工学部,就職
工学部,就職
工学部,就職
工学部,就職
工学部,就職
工学部,就職
工学部,就職
工学部,就職
工学部,就職
工学部,就職
工学部,就職
工学部,就職
工学部,就職
工学部,就職
工学部,就職
工学部,就職
工学部,就職
工学部,就職
工学部,就職
工学部,就職
工学部,就職
工学部,就職
工学部,就職
工学部,就職
工学部,就職
工学部,就職
工学部,就職
工学部,就職
工学部,就職
工学部,就職
工学部,就職
工学部,就職
工学部,就職
工学部,就職
工学部,就職
工学部,就職
工学部,就職
工学部,就職
工学部,就職
工学部,就職
工学部,就職
工学部,就職
工学部,就職
工学部,就職
工学部,就職
工学部,就職
工学部,就職
工学部,就職
工学部,就職
工学部,就職
工学部,就職
工学部,就職
工学部,就職
工学部,就職
工学部,就職
工学部,就職
工学部,就職
工学部,就職
工学部,就職
工学部,就職
工学部,就職
工学部,就職
工学部,就職
工学部,不明
工学部,不明
法学部,進学
法学部,進学
法学部,進学
法学部,進学
法学部,進学
法学部,進学
法学部,進学
法学部,進学
法学部,進学
法学部,進学
法学部,進学
法学部,進学
法学部,進学
法学部,進学
法学部,進学
法学部,進学
法学部,進学
法学部,進学
法学部,進学
法学部,進学
法学部,進学
法学部,進学
法学部,進学
法学部,進学
法学部,進学
法学部,進学
法学部,就職
法学部,就職
法学部,就職
法学部,就職
法学部,就職
法学部,就職
法学部,就職
法学部,就職
法学部,就職
法学部,就職
法学部,就職
法学部,就職
法学部,就職
法学部,就職
法学部,就職
法学部,就職
法学部,就職
法学部,就職
法学部,就職
法学部,就職
法学部,就職
法学部,就職
法学部,就職
法学部,就職
法学部,就職
法学部,就職
法学部,就職
法学部,就職
法学部,就職
法学部,就職
法学部,就職
法学部,就職
法学部,就職
法学部,就職
法学部,就職
法学部,就職
法学部,就職
法学部,就職
法学部,就職
法学部,就職
法学部,就職
法学部,就職
法学部,就職
法学部,就職
法学部,就職
法学部,就職
法学部,就職
法学部,就職
法学部,就職
法学部,就職
法学部,就職
法学部,就職
法学部,就職
法学部,就職
法学部,就職
法学部,就職
法学部,就職
法学部,就職
法学部,就職
法学部,就職
法学部,就職
法学部,就職
法学部,就職
法学部,就職
法学部,就職
法学部,就職
法学部,就職
法学部,就職
法学部,就職
法学部,就職
法学部,就職
法学部,就職
法学部,就職
法学部,就職
法学部,就職
法学部,就職
法学部,就職
法学部,就職
法学部,就職
法学部,就職
法学部,就職
法学部,就職
法学部,就職
法学部,就職
法学部,就職
法学部,就職
法学部,就職
法学部,就職
法学部,就職
法学部,就職
法学部,就職
法学部,就職
法学部,就職
法学部,就職
法学部,就職
法学部,就職
法学部,就職
法学部,就職
法学部,就職
法学部,就職
法学部,就職
法学部,就職
法学部,就職
法学部,就職
法学部,就職
法学部,就職
法学部,就職
法学部,就職
法学部,就職
法学部,就職
法学部,就職
法学部,就職
法学部,就職
法学部,就職
法学部,就職
法学部,就職
法学部,就職
法学部,就職
法学部,就職
法学部,就職
法学部,就職
法学部,就職
法学部,就職
法学部,就職
法学部,就職
法学部,就職
法学部,就職
法学部,就職
法学部,就職
法学部,就職
法学部,就職
法学部,就職
法学部,就職
法学部,就職
法学部,就職
法学部,就職
法学部,就職
法学部,就職
法学部,就職
法学部,就職
法学部,就職
法学部,就職
法学部,就職
法学部,就職
法学部,就職
法学部,就職
法学部,就職
法学部,不明
法学部,不明
法学部,不明
法学部,不明
法学部,不明
法学部,不明
法学部,不明
文学部,進学
文学部,進学
文学部,進学
文学部,進学
文学部,進学
文学部,進学
文学部,進学
文学部,進学
文学部,進学
文学部,進学
文学部,進学
文学部,進学
文学部,進学
文学部,進学
文学部,進学
文学部,就職
文学部,就職
文学部,就職
文学部,就職
文学部,就職
文学部,就職
文学部,就職
文学部,就職
文学部,就職
文学部,就職
文学部,就職
文学部,就職
文学部,就職
文学部,就職
文学部,就職
文学部,就職
文学部,就職
文学部,就職
文学部,就職
文学部,就職
文学部,就職
文学部,就職
文学部,就職
文学部,就職
文学部,就職
文学部,就職
文学部,就職
文学部,就職
文学部,就職
文学部,就職
文学部,就職
文学部,就職
文学部,就職
文学部,就職
文学部,就職
文学部,就職
文学部,就職
文学部,就職
文学部,就職
文学部,就職
文学部,就職
文学部,就職
文学部,就職
文学部,就職
文学部,就職
文学部,就職
文学部,就職
文学部,就職
文学部,就職
文学部,就職
文学部,就職
文学部,就職
文学部,就職
文学部,就職
文学部,就職
文学部,就職
文学部,就職
文学部,就職
文学部,就職
文学部,就職
文学部,就職
文学部,就職
文学部,就職
文学部,就職
文学部,就職
文学部,就職
文学部,就職
文学部,就職
文学部,就職
文学部,就職
文学部,就職
文学部,就職
文学部,就職
文学部,就職
文学部,就職
文学部,就職
文学部,就職
文学部,就職
文学部,就職
文学部,就職
文学部,就職
文学部,就職
文学部,就職
文学部,就職
文学部,就職
文学部,就職
文学部,就職
文学部,就職
文学部,就職
文学部,就職
文学部,就職
文学部,就職
文学部,就職
文学部,就職
文学部,就職
文学部,就職
文学部,就職
文学部,就職
文学部,就職
文学部,就職
文学部,就職
文学部,就職
文学部,就職
文学部,就職
文学部,就職
文学部,就職
文学部,就職
文学部,就職
文学部,就職
文学部,就職
文学部,就職
文学部,就職
文学部,就職
文学部,就職
文学部,就職
文学部,就職
文学部,就職
文学部,就職
文学部,就職
文学部,就職
文学部,就職
文学部,就職
文学部,就職
文学部,就職
文学部,就職
文学部,就職
文学部,就職
文学部,就職
文学部,就職
文学部,就職
文学部,就職
文学部,就職
文学部,就職
文学部,就職
文学部,就職
文学部,就職
文学部,就職
文学部,就職
文学部,就職
文学部,就職
文学部,就職
文学部,就職
文学部,就職
文学部,就職
文学部,就職
文学部,就職
文学部,就職
文学部,就職
文学部,就職
文学部,就職
文学部,就職
文学部,就職
文学部,就職
文学部,就職
文学部,不明
文学部,不明
文学部,不明
文学部,不明
文学部,不明
文学部,不明
文学部,不明
文学部,不明
文学部,不明
文学部,不明
文学部,不明
文学部,不明
文学部,不明
